﻿<?xml version="1.0" encoding="utf-8" standalone="no" ?>
<vehicle type="pallet">
    <storeData>
        <name>
            <en>DEF IBC Tank</en>
            <de>AdBlue IBC Tank</de></name>
        <functions>
            <function>$l10n_function_defCanister</function>
        </functions>
        <specs>
            <capacity>2000</capacity>
            <fillTypes>DEF</fillTypes>
        </specs>
        <image>store_DEF_Pallet.dds</image>
        <price>2500</price>
        <allowLeasing>false</allowLeasing>
        <canBeSold>false</canBeSold>
        <rotation>0</rotation>
        <brand>LIZARD</brand>
        <category>pallets</category>
        <financeCategory>Other</financeCategory>
    </storeData>
    <base>
        <typeDesc>$l10n_defCanister</typeDesc>
        <filename>liquidTank.i3d</filename>
        <size width="2" length="2" lengthOffset="0"/>
        <input allowed="false"/>
        <canBeReset>false</canBeReset>
        <components>
            <component centerOfMass="0 0.1 0" solverIterationCount="10" mass="100"/>
        </components>
    </base>
    <fillUnit>
        <fillUnitConfigurations>
            <fillUnitConfiguration name="$l10n_defCanister25">
                <fillUnits removeVehicleIfEmpty="true">
                    <fillUnit unit="$l10n_unit_literShort" fillTypes="DEF" capacity="2000" startFillType="DEF" startFillLevel="2000">
                        <fillRootNode node="0>0|1"/>
                    </fillUnit>
                </fillUnits>
            </fillUnitConfiguration>
        </fillUnitConfigurations>
    </fillUnit>
    <fillTriggerVehicle triggerNode="0>0|2" fillUnitIndex="1" litersPerSecond="0.25"/>
    <dynamicMount triggerNode="0>0|3"/>
    <dischargeable requiresTipOcclusionArea="false"/>
    <tensionBeltObject>
        <meshNodes>
            <meshNode node="0>2|0"/>
        </meshNodes>
    </tensionBeltObject>
</vehicle>
