﻿<?xml version="1.0" encoding="utf-8" standalone="no" ?>
<modDesc descVersion="53">
    <author>Dazed</author>
    <version>1.0.0.0</version>
    <iconFilename>Icon_DEF_Pallet.dds</iconFilename>
    <title>
        <en>DEF IBC Tank</en>
        <de>AdBlue IBC Tank</de>
    </title>
    <multiplayer supported="true"/>
    <description>
        <en><![CDATA[A DEF IBC Tank to refill your vehicles, you will need the DEF Pack mod for this to work.

Price : 2500
Capacity: 2000L]]></en>
        <de><![CDATA[Ein AdBlue IBC Tank zum Nachfüllen Ihrer Fahrzeuge. Damit dies funktioniert, benötigen Sie den DEF Pack-Mod.

Preis: 2500
Kapazität: 2000L]]></de>
        <fr><![CDATA[Un pallet de fluide d'échappement diesel pour remplir vos véhicules, vous aurez besoin du mod DEF Pack pour que cela fonctionne.

Le prix: 2500
capacité: 2000L]]></fr>
    </description>
    <storeItems>
        <storeItem xmlFilename="DEFTOAT.xml"/>
    </storeItems>
    <l10n>
        <text name="function_defCanister">
            <en>A DEF IBC Tank to refill your vehicles.</en>
            <de>Ein AdBlue IBC Tank zum Nachfüllen Ihrer Fahrzeuge.</de>
        </text>
    </l10n>
</modDesc>
